Название,Title,H1,Description
Главная,Промокоды на скидку на заказ — сайт промокодов [Название сайта],Промокоды,"Сайт активных рабочих промокодов, эксклюзивных купонов и скидок на заказы услуг и товаров в интернет-магазинах, ресторанах, супермаркетах, зоомагазинах, аптеках, скопируйте промокод, переходите по ссылке и получите бонус, обновляются каждый день!"
Новогодние промокоды,Новогодние промокоды 2025 года — [Название сайта],Новогодние промокоды 2025-2026 года,"Новогодние промокоды 2025-2026 года, скидки, купоны, акции и эксклюзивные предложения на заказ товаров в магазинах и Яндекс Маркет к Новому году и Рождеству, распродажи бытовой техники, одежды, косметики, игрушек, покупайте дешевле!"
Приложения,Скачать приложение промокоды бесплатно на телефон [текущий месяц/год] — [Название сайта],Приложение,"Мобильное приложение на телефон со всеми скидками, акциями, купонами и промокодами магазинов, товаров и услуг популярных маркетплейсов России, скидки и акции на первый и повторные заказы, которые помогают экономить, скачать бесплатно!"
Финансы и страхование,Промокоды и скидки на финансовые и страховые продукты [текущий месяц/год] — [Название сайта],Финансы и Страхование,"Актуальные промокоды и скидки на финансовые и страховые продукты, купоны, акции, распродажи, коды на первый и повторный заказ, выбирайте и экономьте приличные суммы!"
Банковские счета и Кредитные карты,"Промокоды банков, скидки на банковские продукты [текущий месяц/год] — [Название сайта]",Банковские счета и Кредитные карты,"Промокоды на банки, банковские продукты, получайте выгоду от онлайн акций, скидок на кредиты, карты и открытие вкладов, экономьте приличные суммы пользуясь финансовыми продуктами, все специальные предложения в одном месте!"
Страхование,"Промокод страхование, скидки и купоны [текущий месяц/год] — [Название сайта]",Страхование,"Промокоды на страхование, акции, скидки на популярные программы защиты, спешите сэкономить на страховых полисах, купоны на страховку жизни, ипотеки, путешествий, КАСКО и ОСАГО!"
Кредиты и микрозаймы,Промокоды на займы онлайн [текущий месяц/год] — [Название сайта],Кредиты и микрозаймы,"Актуальные промокоды на займы в МКК и МФК (МФО) России, персональные скидки от российских компаний, выдающих микрозаймы на карту или электронный кошелек, акции активны на сайте, получите скидку на кредит!"
Страхование путешественников,Промокод на страховку путешественника [текущий месяц/год] — [Название сайта],Страхование путешественников,"Промокоды и скидки на страхование туристов и путешественников, получите скидки на страховки для выезда за границу с выгодой, примените купоны и сэкономьте на покупку страхового полиса с помощью актуальных промокодов и акций!"
Интернет и Мобильная связь,Промокоды на тарифы на Интернет и мобильную связь [текущий месяц/год] — [Название сайта],Интернет и Мобильная связь,"Актуальные промокоды на тарифы на Интернет и мобильную связь, купоны, акции, распродажи, коды на первый и повторный заказ, выбирайте и экономьте приличные суммы!"
Интернет,"Купон на интернет, акции от провайдеров Интернета [текущий месяц/год] — [Название сайта]",Интернет,"Актуальные и эксклюзивные скидочные купоны на интернет, скидки и промокоды от провайдеров мобильного и домашнего Интернета, самые новые акции, экономьте приличные суммы!"
Мобильная связь,"Акции операторов мобильной связи, промокоды [текущий месяц/год] — [Название сайта]",Мобильная связь,"Актуальные акции операторов мобильной связи, промокоды и специальные предложения на тарифы, от ведущих операторов сотовой связи и интернета, смотрите подробности на сайте!"
Сайтостроение,Акции на создание сайтов - скидки на разработку сайтов [текущий месяц/год] — [Название сайта],Сайтостроение,"Закажите сайт со скидкой, акции на создание и продвижение сайтов интернет-магазинов, услуг, визиток, корпоративных сайтов, порталов и форумов, ознакомьтесь с актуальными акциями, успейте воспользоваться спецпредложениями!"
Услуги и Подписки,Промокоды на услуги и подписки [текущий месяц/год] — [Название сайта],Услуги и Подписки,"Актуальные промокоды на услуги и подписки, купоны, акции, распродажи, коды на первый и повторный заказ, выбирайте и экономьте приличные суммы!"
Городской транспорт,"Проездной со скидкой в метро, автобусе, трамвае, электричках [текущий месяц/год] — [Название сайта]",Городской транспорт,"Актуальные акции и скидки на проездной в метро, автобусе, трамвае, электричках реальный способ сэкономить на поездках на наземном и подземном транспорте, сокращая привычные траты, заходите на сайт!"
Такси,"Промокод на такси Яндекс, Максим и другие [текущий месяц/год] — [Название сайта]",Такси,"Актуальные промокоды на такси Яндекс, Максим, Везет (Рутакси), экономьте на поездках, самые новые акции на первую и на повторные поездки, заказывайте такси по самой выгодной стоимости!"
Здоровье и Велнес,Скидки на медицинские услуги [текущий месяц/год] — [Название сайта],Здоровье и Велнес,"Актуальные акции и скидки на медицинские услуги - стоматологию, косметологию, педиатрию и общую медицину, УЗИ, МРТ, ЭКГ, в лабораториях на анализы, новые скидочные купоны на специальные предложения от клиник и медицинских центров!"
Аптеки,Скидки в аптеках — промокоды на лекарства [текущий месяц/год] — [Название сайта],Аптеки,"Актуальные скидки в аптеках, промокоды на лекарства и медицинские товары, заказывайте лекарства со скидкой онлайн по выгодным ценам, получайте выгоду за привычные покупки!"
Курсы и тренинги,Промокоды на курсы и тренинги [текущий месяц/год] — [Название сайта],Курсы и тренинги,"Актуальные промокоды на курсы и тренинги, сэкономьте на обучении и повышении квалификации с актуальными купонами и акциями, есть действующие промокоды на бесплатные занятия, выгодно осваивайте новые профессии!"
Подписки,Скидки и промокоды на подписку [текущий месяц/год] — [Название сайта],Подписки,"Актуальные скидки и промокоды на подписку на Яндекс Музыку, Кинопоиск, купоны онлайн кинотеатров подписки для новых клиентов, продление со скидкой для старых пользователей, выбирайте и экономьте!"
Рестораны и доставка,Промокоды на доставку еды: первый и повторный заказ — [текущий месяц/год] — [Название сайта],Рестораны и доставка,"Актуальные промокоды на доставку еды, первый и повторный заказ, рабочие и персональные скидки от популярных ресторанов и фастфудов, большой ассортимент сервисов доставки, выбирайте и экономьте!"
Здоровье и красота,Акции на услуги и процедуры для здоровья и красоты [текущий месяц/год] — [Название сайта],Здоровье и красота,"Актуальные на услуги и процедуры для здоровья и красоты, купоны на скидку на предложения по косметологии, парикмахерские, ногтевой сервис, эпиляция, массаж, коррекция фигуры от бьюти-студий и парикмахерских, выбирайте и экономьте!"
Красота,Акции в салонах красоты на услуги и процедуры [текущий месяц/год] — [Название сайта],Красота,"Актуальные акции в салонах красоты на услуги и процедуры, купоны на скидку на предложения по косметологии от парикмахера, маникюр, косметология, эпиляция, массаж, выбирайте и экономьте!"
Личный уход и гигиена,Промокоды и купоны на товары для личного ухода и гигены [текущий месяц/год] — [Название сайта],Личный уход и гигиена,"Промокоды и купоны на товары для личного ухода и гигены, рабочие скидки для новых и старых клиентов от популярных салонов и магазинов, эксклюзивные скидочные купоны, выбирайте и экономьте!"
Оптика,Промокод на оптику [текущий месяц/год] — [Название сайта],Оптика,"Актуальные промокоды на оптику, скидка на первый и повторный заказы, получайте скидки на контактные линзы, солнцезащитные очки и аксессуары у официальных представителей известных брендов, выбирайте и экономьте!"
Парфюм,Промокод на парфюмерию и духи [текущий месяц/год] — [Название сайта],Парфюм,"Актуальные промокоды на парфюмерию и духи для первых и повторных заказов, бонусы и купоны на известные бренды, насладитесь неповторимым ароматом, выбирайте и экономьте!"
Товары для взрослых,Скидка на товары для взрослых [текущий месяц/год] — [Название сайта],Товары для взрослых,"Актуальные скидки на товары для взрослых, получите уникальную скидку в секс-шопе на интим товары, большой ассортимент, выберите купон и экономьте на покупках!"
Здоровье,Промокоды и купоны на товары для здоровья [текущий месяц/год] — [Название сайта],Здоровье,"Актуальные промокоды и купоны для первой или повторной покупки товаров для здоровья, известные бренды, широкий ассортимент, выберите купон и экономьте на покупках!"
Дом и квартира,Промокоды на товары для обустройства дома и квартиры [текущий месяц/год] — [Название сайта],Дом и квартира,"Актуальные промокоды на товары для обустройства дома и квартиры, купоны, акции, распродажи, коды на первый и повторный заказ, выбирайте и экономьте приличные суммы!"
Канцтовары,Канцелярия купоны и промокоды [текущий месяц/год] — [Название сайта],Канцтовары,"Актуальные купоны и промокоды на канцелярию и книги, купоны на скидку и распродажи при покупке товаров из категории канцелярских товаров и офисных принадлежностей, экономьте приличные суммы, выбирайте на сайте!"
Кухонные приборы,Промокоды и купоны на покупку кухонных приборов [текущий месяц/год] — [Название сайта],Кухонные приборы,"Актуальные промокоды и купоны на покупку кухонных приборов, рабочие скидки для новых и старых клиентов, большой ассортимент, выберите купон и экономьте на покупках!"
Мебель,Мебель купоны и промокоды [текущий месяц/год] — [Название сайта],Мебель,"Актуальные купоны и промокоды на покупку мебели, скидки, акции и выгодные предложения, доступные на сегодня на шкафы, кресла, диваны, пуфики, кровати, комоды на первый и повторный заказ, выбирайте и экономьте!"
Освещение,"Освещение промокоды, купоны, скидки, акции [текущий месяц/год] — [Название сайта]",Освещение,"Актуальные промокоды, купоны, скидки, акции на товары освещения (интерьерные и уличные светильники, люстры, бра, лампочки), на первый и повторный заказ, получите скидку на свой заказ!"
Аксессуары для дома,Промокоды и купоны на покупку аксессуаров для дома [текущий месяц/год] — [Название сайта],Аксессуары для дома,"Актуальные промокоды и купоны на покупку аксессуаров для дома на первый и повторный заказ, скидки, акции и выгодные предложения, доступные на сегодня, выбирайте и экономьте!"
Бытовая техника,Промокоды на бытовую технику [текущий месяц/год] — [Название сайта],Бытовая техника,"Актуальные промокоды на бытовую технику для дома и дачи, рабочие купоны и акции помогут сэкономить на первых и повторных онлайн покупках, сделайте ваши покупки еще более приятными и экономичными, выбирайте на сайте!"
Транспортные средства,"Промокоды на услуги, аксессуары и обслуживание транспортных средств [текущий месяц/год] — [Название сайта]",Транспортные средства,"Актуальные промокоды на услуги, аксессуары и обслуживание транспортных средств, купоны, акции, распродажи, коды на первый и повторный заказ, выбирайте и экономьте приличные суммы!"
Шины,"Скидки на шины, акции на диски [текущий месяц/год] — [Название сайта]",Шины,"Актуальные скидки и акции на шины и диски, купоны на зимние и летние автомобильные шины и колеса, распродажа резины для для легковых автомобилей, внедорожников и грузовиков, выберите выгодные предложения и получите скидку на свой заказ!"
Автоаксессуары,"Промокоды на автотовары, скидки [текущий месяц/год] — [Название сайта]",Автоаксессуары,"Актуальные промокоды на автотовары, скидки, акции, бонусы на счет и рабочие купоны на первый и повторные заказы товаров для авто (автокресла, шины, масла, навигаторы, автоэлектрику, автомобильное масло, запчасти для авто, аккумуляторы), выбирайте и экономьте!"
Автомобили,"Акции, скидки на покупку автомобиля [текущий месяц/год] — [Название сайта]",Автомобили,"Актуальные акции на покупку автомобиля, рабочие купоны на дополнительные скидки и бонусы на счет, обновленный список акций, выбирайте и экономьте!"
Обслуживание авто,Промокоды и скидки на автосервис [текущий месяц/год] — [Название сайта],Обслуживание авто,"Промокоды и скидки на автосервис на первый и повторный заказ, рабочие купоны на дополнительные бонусы, обновленный список, выгодные предложения, доступные на сегодня, выбирайте и экономьте!"
Топливо,Промокоды и скидки на заправку топливом [текущий месяц/год] — [Название сайта],Топливо,"Актуальные промокоды и скидки на заправку топливом на первый и повторный заказ, рабочие купоны на дополнительные бонусы, обновленный список, выгодные предложения, доступные на сегодня, выбирайте и экономьте!"
Мото,Промокоды и скидки на покупку мотоциклов [текущий месяц/год] — [Название сайта],Мото,"Актуальные промокоды и скидки на покупку мотоциклов, рабочие купоны на дополнительные бонусы, обновленный список, выгодные предложения, доступные на сегодня, выбирайте и экономьте!"
Электроника,"Промокоды на технику и электронику, скидки [текущий месяц/год] — [Название сайта]",Электроника,"Актуальные промокоды на цифровую технику и электронику, скидки на первый и повторный заказ, рабочие купоны со скидками и промо кодами помогут сэкономить на онлайн покупках, выбирайте и экономьте!"
Аудио и Hi-Fi,"Аудиотехника промокоды, скидки, купоны [текущий месяц/год] — [Название сайта]",Аудио и Hi-Fi,"Актуальные промокоды, скидки, купоны на аудиотехнику на первый и повторный заказ устройств для качественного звука и музыки от лучших интернет - магазинов, выбирайте и экономьте!"
Компьютеры,Промокод на комплектующие для ПК [текущий месяц/год] — [Название сайта],Компьютеры,"Актуальные промокоды на комплектующие для ПК, скидки и купоны на первый и повторный заказ компьютера, видеокарты, процессора, материнской платы и других компонентов, выбирайте и экономьте приличные суммы!"
Планшеты,Промокоды на планшеты [текущий месяц/год] — [Название сайта],Планшеты,"Актуальные промокоды на покупку планшетов в магазинах электроники на первый и повторный заказ, купоны, ваучеры, акции и скидки на самые разные категории товаров от известных интернет-магазинов, выбирайте и экономьте приличные суммы!"
Носимая электроника,Промокоды на носимую электронику [текущий месяц/год] — [Название сайта],Носимая электроника,"Актуальные промокоды на покупку носимой электроники в магазинах на первый и повторный заказ, купоны, ваучеры, акции и скидки на самые разные категории товаров от известных интернет-магазинов, выбирайте и экономьте приличные суммы!"
Программы и Приложения,Промокоды на программы и приложения [текущий месяц/год] — [Название сайта],Программы и Приложения,"Актуальные промокоды на программы и приложения на первый и повторный заказ, купоны, ваучеры, акции и скидки на самые разные категории ПО от известных разработчиков, выбирайте и экономьте приличные суммы!"
ТВ и Видео,Промокод на телевизор [текущий месяц/год] — [Название сайта],ТВ и Видео,"Актуальные промокоды на покупку телевизоров, рабочие купоны, скидочные коды на первый и повторный заказ популярных брендов, акции и скидки известных интернет-магазинов, выбирайте и экономьте приличные суммы!"
Телефоны и Аксессуары,"Промокод на смартфоны: скидки, купоны [текущий месяц/год] — [Название сайта]",Телефоны и Аксессуары,"Актуальные промокоды на покупку смартфонов и аксессуаров к ним, эксклюзивные скидки и купоны с выгодными акциями на первый и повторный заказ на нужную вам модель, выбирайте и экономьте приличные суммы!"
Гаджеты,Промокод на гаджет [текущий месяц/год] — [Название сайта],Гаджеты,"Актуальные промокоды на гаджеты, , эксклюзивные скидки и купоны с выгодными акциями на первый и повторный заказ на нужную вам модель, выбирайте и экономьте приличные суммы!"
Умный дом,Промокод на умную технику [текущий месяц/год] — [Название сайта],Умный дом,"Актуальные промокоды на умную технику и аксессуары к ней, эксклюзивные скидки и купоны с выгодными акциями на первый и повторный заказ на нужную вам модель, выбирайте и экономьте приличные суммы!"
Фото и Видеокамеры,Промокоды на Фото и Видеокамеры [текущий месяц/год] — [Название сайта],Фото и Видеокамеры,"Актуальные промокоды на фото и видеокамеры и аксессуары к ним, эксклюзивные скидки и купоны с выгодными акциями на первый и повторный заказ на нужную вам модель, выбирайте и экономьте приличные суммы!"
Электронные аксессуары,Промокоды на электронные аксессуары [текущий месяц/год] — [Название сайта],Электронные аксессуары,"Актуальные промокоды на электронные аксессуары, эксклюзивные скидки и купоны с выгодными акциями на первый и повторный заказ на нужную вам модель, выбирайте и экономьте приличные суммы!"
Спорт и активный отдых,Промокоды спорт и активный отдых [текущий месяц/год] — [Название сайта],Спорт и активный отдых,"Рабочие промокоды на товары и услуги для спорта и активного отдыха, скидки, купоны, акции, распродажи, коды на все популярные бренды и интернет-магазины, выбирайте и экономьте приличные суммы!"
Велоспорт,Промокод на велоспорт [текущий месяц/год] — [Название сайта],Велоспорт,"Актуальные промокоды на товары и услуги для велоспорта, скидки, купоны, акции, распродажи, коды на все популярные бренды и интернет-магазины, выбирайте и экономьте приличные суммы!"
Зимний спорт,Промокоды на товары и услуги для зимнего спорта [текущий месяц/год] — [Название сайта],Зимний спорт,"Актуальные промокоды на товары и услуги для зимнего спорта, скидки, купоны, акции, распродажи, коды на все популярные бренды и интернет-магазины, выбирайте и экономьте приличные суммы!"
Командный спорт,Промокоды на товары и услуги для командного спорта [текущий месяц/год] — [Название сайта],Командный спорт,"Актуальные промокоды на товары и услуги для командного спорта, скидки, купоны, акции, распродажи, коды на все популярные бренды и интернет-магазины, выбирайте и экономьте приличные суммы!"
Отдых на природе и Туризм,Промокоды на товары и услуги для отдыха на природе и туризма [текущий месяц/год] — [Название сайта],Отдых на природе и Туризм,"Актуальные промокоды на товары и услуги для отдыха на природе и туризма, скидки, купоны, акции, распродажи, коды на все популярные бренды и интернет-магазины, выбирайте и экономьте приличные суммы!"
Самокаты,Промокоды на самокаты и аксессуары [текущий месяц/год] — [Название сайта],Самокаты,"Актуальные промокоды на самокаты и аксессуары, скидки, купоны, акции, распродажи, коды на все популярные бренды и интернет-магазины, выбирайте и экономьте приличные суммы!"
Спортивное питание,Промокоды на спортивное питание [текущий месяц/год] — [Название сайта],Спортивное питание,"Актуальные промокоды на спортивное питание, скидки, купоны, акции, распродажи, коды на все популярные бренды и интернет-магазины, выбирайте и экономьте приличные суммы!"
Фитнес и Бег,Промокод на фитнес [текущий месяц/год] — [Название сайта],Фитнес и Бег,"Активные промокоды на фитнес, фитнес-клубы, скидки, купоны, акции, распродажи, коды на занятия фитнесом в спортзале, тренировок для новых и постоянных клиентов, выбирайте и экономьте приличные суммы!"
Семья и Дети,Промокоды на товары для семьи и детей [текущий месяц/год] — [Название сайта],Семья и Дети,"Актуальные промокоды на товары для семьи и детей, скидки, купоны, акции, распродажи, коды на первый и повторный заказ в интернет-магазинах, выбирайте и экономьте приличные суммы!"
Игрушки,Промокод на детские игрушки [текущий месяц/год] — [Название сайта],Игрушки,"Актуальные промокоды на детские игрушки и товары для детей, скидки, купоны, акции, распродажи, коды на первый и повторный заказ в интернет-магазинах, выбирайте и экономьте приличные суммы!"
Материнство и Беременность,Промокоды на товары для материнства и при беременности [текущий месяц/год] — [Название сайта],Материнство и Беременность,"Активные промокоды на товары для материнства и при беременности, скидки, купоны, акции, распродажи, коды на первый и повторный заказ в интернет-магазинах, выбирайте и экономьте приличные суммы!"
Уход за детьми,Промокоды на товары для ухода за детьми [текущий месяц/год] — [Название сайта],Уход за детьми,"Актуальные промокоды на товары для ухода за детьми, скидки, купоны, акции, распродажи, коды на первый и повторный заказ в интернет-магазинах, выбирайте и экономьте приличные суммы!"
Школьные принадлежности,Промокоды на школьные принадлежности [текущий месяц/год] — [Название сайта],Школьные принадлежности,"Актуальные промокоды на школьные принадлежности, скидки, купоны, акции, коды на канцелярию, школьную форму, рюкзаки, а также распродажи школьных товаров на первый и повторный заказ в интернет-магазинах, выбирайте и экономьте приличные суммы!"
Товары для детей,Промокод на детские товары [текущий месяц/год] — [Название сайта],Товары для детей,"Актуальные промокоды на детские товары для детей всех возрастов, скидки, купоны, акции, распродажи, коды на первый и повторный заказ в интернет-магазинах, выбирайте и экономьте приличные суммы!"
Детские развлечения,"Купоны детские развлечения, промокоды [текущий месяц/год] — [Название сайта]",Детские развлечения,"Активные купоны детские развлечения, промокоды, скидки, акции, распродажи, коды на первый и повторный заказ на развлекательные мероприятия, в игровые центры, парки развлечений, детские праздники, выбирайте и экономьте приличные суммы!"
Путешествия,Промокод для путешествия [текущий месяц/год] — [Название сайта],Путешествия,"Активный промокод для путешествий, скидки, купоны, акции, распродажи, коды на первый и повторный заказ в интернет-магазинах, выбирайте и экономьте приличные суммы!"
Авиаперелеты,Промокод на авиабилеты [текущий месяц/год] — [Название сайта],Авиаперелеты,"Активные промокоды на авиабилеты, скидки, купоны, акции, распродажи, коды на первый и повторный заказ у всех авиакомпаний, выбирайте и экономьте приличные суммы!"
Аренда автомобилей,Промокоды на каршеринг и аренду автомобилей [текущий месяц/год] — [Название сайта],Аренда автомобилей,"Активные промокоды на каршеринг и аренду автомобилей, коды на первый и повторный заказ услуги на сайтах сервисов каршеринга, выбирайте и экономьте приличные суммы!"
Гостиницы и Проживание,Промокод на проживание в отеле [текущий месяц/год] — [Название сайта],Гостиницы и Проживание,"Активные промокоды на проживание в отеле, скидки, купоны, акции, распродажи, коды на первый и повторный заказ при бронировании гостиниц, номера в апартаментах, выбирайте и экономьте приличные суммы!"
Круизы,Промокоды на круизы [текущий месяц/год] — [Название сайта],Круизы,"Активные промокоды на круизы, скидки, купоны, акции, распродажи, коды на первый и повторный заказ на сайтах предоставления услуги, выбирайте и экономьте приличные суммы!"
Автобусы,Промокод на билет на автобус [текущий месяц/год] — [Название сайта],Автобусы,"Активные промокоды на билеты на автобус, скидки, купоны, акции, распродажи, коды на первый и повторный заказ автобусных билетов, выбирайте и экономьте приличные суммы!"
Поезда,Промокод на скидку на поезд [текущий месяц/год] — [Название сайта],Поезда,"Активные промокоды на скидку на поезд, скидки, купоны, акции, распродажи, коды на первый и повторный заказ ЖД билетов, выбирайте и экономьте приличные суммы!"
Туры,Промокод на покупку тура [текущий месяц/год] — [Название сайта],Туры,"Активные промокоды на покупку тура, скидки, купоны, акции, распродажи, коды на первое и повторное бронирование, выбирайте и экономьте приличные суммы!"
Консоли и Видеоигры,Промокоды на покупку консолей и видеоигр [текущий месяц/год] — [Название сайта],Консоли и Видеоигры,"Активные промокоды на покупку консолей и видеоигр, скидки, купоны, акции, распродажи, коды на первый и повторный заказ, выбирайте и экономьте приличные суммы!"
Nintendo Switch,Скидки на игры Nintendo Switch [текущий месяц/год] — [Название сайта],Nintendo Switch,"Активные скидки на игры Nintendo Switch, скидки, купоны, акции, распродажи, коды на первый и повторный заказ, выбирайте и экономьте приличные суммы!"
Nintendo Switch Lite,Промокоды и скидки на Nintendo Switch Lite [текущий месяц/год] — [Название сайта],Nintendo Switch Lite,"Промокоды и скидки на игры или подписку на Nintendo Switch Lite, купоны, акции, распродажи, коды на первый и повторный заказ, выбирайте и экономьте приличные суммы!"
Видеоигры,Промокоды на видеоигры [текущий месяц/год] — [Название сайта],Видеоигры,"Активные промокоды на видеоигры, скидки, купоны, акции, распродажи, коды на первый и повторный заказ, выбирайте и экономьте приличные суммы!"
Игровые аксессуары,Промокоды на игровые аксессуары [текущий месяц/год] — [Название сайта],Игровые аксессуары,"Активные промокоды на игровые аксессуары, скидки, купоны, акции, распродажи, коды на первый и повторный заказ, выбирайте и экономьте приличные суммы!"
Игровые Консоли,Промокоды на игровые консоли [текущий месяц/год] — [Название сайта],Игровые Консоли,"Активные промокоды на игровые консоли, скидки, купоны, акции, распродажи, коды на первый и повторный заказ, выбирайте и экономьте приличные суммы!"
Игровые ПК и Ноутбуки,Скидки на игровые ноутбуки [текущий месяц/год] — [Название сайта],Игровые ПК и Ноутбуки,"Актуальные промокоды и скидки на игровые ноутбуки, купоны, акции, распродажи, коды на первый и повторный заказ, выбирайте и экономьте приличные суммы!"
Маркетплейс,Промокоды на маркетплейсы [текущий месяц/год] — [Название сайта],Маркетплейс,"Актуальные промокоды на маркетплейсы, скидки, купоны, акции, распродажи, коды на первый и повторный заказ, выбирайте выгодные предложения и экономьте приличные суммы!"
Ювелирные изделия,Промокод на ювелирные изделия [текущий месяц/год] — [Название сайта],Ювелирные изделия,"Актуальные промокоды на ювелирные изделия, скидки, купоны, акции, распродажи, коды на первый и повторный заказ, выбирайте выгодные предложения и экономьте приличные суммы!"
Гипермаркеты,"Купоны на гипермаркеты, промокоды [текущий месяц/год] — [Название сайта]",Гипермаркеты,"Актуальные купоны на гипермаркеты, промокоды, скидки, акции, распродажи, коды на первый и повторный заказ, выбирайте выгодные предложения и экономьте приличные суммы!"
Доставка цветов,Промокод на скидку на цветы [текущий месяц/год] — [Название сайта],Доставка цветов,"Актуальные промокоды на скидку на цветы, скидки, акции, распродажи, коды на первый и повторный заказ, выбирайте выгодные предложения и экономьте приличные суммы!"
Товары для офиса,Промокоды на товары для офиса [текущий месяц/год] — [Название сайта],Товары для офиса,"Актуальные промокоды на товары для офиса, скидки, акции, распродажи, коды на первый и повторный заказ, выбирайте выгодные предложения и экономьте приличные суммы!"
Продукты питания и Бытовая химия,Промокод на продукты питания [текущий месяц/год] — [Название сайта],Продукты питания и Бытовая химия,"Актуальные промокоды на продукты питания и бытовой химии, скидки, купоны, акции, распродажи, коды на первый и повторный заказ, выбирайте выгодные предложения и экономьте приличные суммы!"
Бытовая химия,Промокоды на бытовую химию [текущий месяц/год] — [Название сайта],Бытовая химия,"Актуальные промокоды на бытовую химию, скидки, купоны, акции, распродажи, коды на первый и повторный заказ, выбирайте выгодные предложения и экономьте приличные суммы!"
Еда,Промокоды на еду [текущий месяц/год] — [Название сайта],Еда,"Актуальные промокоды на еду, скидки, купоны, акции, распродажи, коды на первый и повторный заказ, выбирайте выгодные предложения и экономьте приличные суммы!"
Напитки,Промокод на напитки [текущий месяц/год] — [Название сайта],Напитки,"Актуальные промокоды на алкогольные и безалкогольные напитки, скидки, купоны, акции, распродажи, коды на первый и повторный заказ, выбирайте выгодные предложения и экономьте приличные суммы!"
Товары для животных,Промокоды на товары для животных [текущий месяц/год] — [Название сайта],Товары для животных,"Актуальные промокоды на товары для животных, корм и зоомагазины, скидки, купоны, акции, распродажи, коды на первый и повторный заказ, выбирайте выгодные предложения и экономьте приличные суммы!"
Мода,Промокоды от модных магазинов [текущий месяц/год] — [Название сайта],Мода,"Актуальные промокоды от модных магазинов и бутиков, скидки, купоны, акции, распродажи, коды на первый и повторный заказ в брендовых интернет-магазинах, выбирайте выгодные предложения и экономьте приличные суммы!"
Аксессуары,Промокоды на модные аксессуары [текущий месяц/год] — [Название сайта],Аксессуары,"Актуальные промокоды на модные аксессуары, скидки, купоны, акции, распродажи, коды на первый и повторный заказ в интернет-магазинах брендовых аксессуаров, выбирайте выгодные предложения и экономьте приличные суммы!"
Обувь,Промокод на покупку обуви [текущий месяц/год] — [Название сайта],Обувь,"Актуальные промокоды на покупку обуви, скидки, купоны, акции, распродажи, коды на первый и повторный заказ в интернет-магазинах брендовой обуви, выбирайте выгодные предложения и экономьте приличные суммы!"
Одежда,Промокод на одежду [текущий месяц/год] — [Название сайта],Одежда,"Актуальные промокоды на покупку одежды, скидки, купоны, акции, распродажи, коды на первый и повторный заказ в интернет-магазинах брендовой одежды, выбирайте выгодные предложения и экономьте приличные суммы!"
Культура,Промокоды на культурные мероприятия [текущий месяц/год] — [Название сайта],Культура,"Актуальные промокоды на культурные мероприятия, скидки, купоны, акции, распродажи, коды на первый и повторный заказ, выбирайте выгодные предложения и экономьте приличные суммы!"
Билеты и Концерты,Промокод на концерт [текущий месяц/год] — [Название сайта],Билеты и Концерты,"Актуальные промокоды на концерты и выступления музыкальных групп, скидки, купоны, акции, распродажи, коды на первый и повторный заказ, выбирайте выгодные предложения и экономьте приличные суммы!"
Игры и Лотереи,Промокоды на игру [текущий месяц/год] — [Название сайта],Игры и Лотереи,"Актуальные промокоды на игры, игровую валюту, инвайт коды для бесплатной онлайн игры, скидки, купоны, акции, распродажи, коды на первый и повторный заказ, выбирайте выгодные предложения и экономьте приличные суммы!"
Кино и Сериалы,Промокод на билеты в кино и кинотеатры [текущий месяц/год] — [Название сайта],Кино и Сериалы,"Актуальные промокоды на билеты в кино и кинотеатры, скидки, купоны, акции, распродажи, коды на первый и повторный заказ, выбирайте выгодные предложения и экономьте приличные суммы!"
Книги и Журналы,Промокод на книги [текущий месяц/год] — [Название сайта],Книги и Журналы,"Актуальные промокод на книги и интернет-магазины по продаже книг, скидки, купоны, акции, распродажи, коды на первый и повторный заказ, выбирайте выгодные предложения и экономьте приличные суммы!"
Музыка,"Промокод на музыку (Яндекс, VK) [текущий месяц/год] — [Название сайта]",Музыка,"Актуальные промокоды на Яндекс музыку, VK музыку, сервисов для прослушивания музыки на смартфонах, планшетах, компьютерах и других гаджетах, скидки, купоны, акции, распродажи, коды на первый и повторный заказ, выбирайте выгодные предложения и экономьте приличные суммы!"
Хобби и Творчество,Промокоды на товары для хобби и творчества [текущий месяц/год] — [Название сайта],Хобби и Творчество,"Актуальные промокоды на товары для хобби и творчества, скидки, купоны, акции, распродажи, коды на первый и повторный заказ, выбирайте выгодные предложения и экономьте приличные суммы!"
Другое,Скидки и промокоды на различные сервисы [текущий месяц/год] — [Название сайта],Другое,"Скидки и промокоды на различные сервисы, купоны, акции, распродажи, коды на первый и повторный заказ, выбирайте выгодные предложения и экономьте приличные суммы!"
Покупки за границей,Промокоды на покупки за границей [текущий месяц/год] — [Название сайта],Покупки за границей,"Актуальные промокоды на покупки за границей, скидки, купоны, акции, распродажи, коды на первый и повторный заказ, выбирайте выгодные предложения и экономьте приличные суммы!"
Промокоды на 1-й заказ,Промокод на 1 заказ в магазинах и сервисах [текущий месяц/год] — [Название сайта],Промокоды на 1-й заказ,"Актуальные промокоды на 1 заказ в магазинах и сервисах для разных категорий товаров и услуг, скидки, купоны, акции, распродажи, коды, выбирайте выгодные предложения и экономьте приличные суммы!"
Промокоды на повторный заказ,Промокод на повторный заказ в магазинах и сервисах [текущий месяц/год] — [Название сайта],Промокоды на повторный заказ,"Актуальные промокоды на повторный заказ в магазинах и сервисах для разных категорий товаров и услуг, скидки, купоны, акции, распродажи, коды, выбирайте выгодные предложения и экономьте приличные суммы!"
Распродажи,Распродажи в магазинах [текущий месяц/год] — [Название сайта],Распродажи,"Актуальные распродажи в магазинах и сервисах для разных категорий товаров и услуг, скидки, купоны, акции, распродажи, коды, выбирайте выгодные предложения и экономьте приличные суммы!"
Подарки,"Купон подарочный, сертификат",Подарки,"Актуальные промокоды, купоны подарочные, подарочные сертификаты на впечатления и эмоции, купоны, акции, распродажи, коды, выбирайте выгодные предложения и экономьте приличные суммы!"
Бесплатно,Раздачи бесплатно [текущий месяц/год] — [Название сайта],Бесплатно,"Бесплатные раздачи, промокоды, скидки, купоны, акции, распродажи, коды, выбирайте выгодные предложения и экономьте приличные суммы!"
Ремонт и Строительство,Промокоды на товары для ремонта и строительства [текущий месяц/год] — [Название сайта],Ремонт и Строительство,"Активные промокоды на товары для ремонта и строительства, скидки, купоны, акции, распродажи, коды на первый и повторный заказ в интернет-магазинах, выбирайте и экономьте приличные суммы!"
Инструменты,Промокоды на инструменты [текущий месяц/год] — [Название сайта],Инструменты,"Активные промокоды на инструменты, скидки, купоны, акции, распродажи, коды на первый и повторный заказ в интернет-магазинах, выбирайте и экономьте приличные суммы!"
Сантехника,Промокоды на покупку сантехники [текущий месяц/год] — [Название сайта],Сантехника,"Активные промокоды на сантехнику, скидки, купоны, акции, распродажи, коды на первый и повторный заказ в интернет-магазинах, выбирайте и экономьте приличные суммы!"
Электрика,Промокоды на покупку электрики [текущий месяц/год] — [Название сайта],Электрика,"Активные промокоды на электрику, скидки, купоны, акции, распродажи, коды на первый и повторный заказ в интернет-магазинах, выбирайте и экономьте приличные суммы!"
Дом и сад,Промокоды на покупку товаров для дома и сада [текущий месяц/год] — [Название сайта],Дом и сад,"Активные промокоды на покупку товаров для дома и сада, скидки, купоны, акции, распродажи, коды на первый и повторный заказ в интернет-магазинах, выбирайте и экономьте приличные суммы!"
Для дачи,Промокоды для покупки товаров для дачи [текущий месяц/год] — [Название сайта],Для дачи,"Активные промокоды для покупки товаров для дачи, скидки, купоны, акции, распродажи, коды на первый и повторный заказ в интернет-магазинах, выбирайте и экономьте приличные суммы!"
